,rf,lr,nb,xgb,svm
all_code,0.7713973995688382,0.6958042593842247,0.6496880003333333,0.750072480701636,0.679692559512252
code_nosize,0.7623085848658576,0.6942610925909393,0.6645438185333333,0.7396472214566998,0.6699809518760927
cs_,0.7945989466021856,0.6918707734919313,0.6849735616,0.7643177056663463,0.7012944557758849
