,rf,lr,nb,xgb,svm
all_code,0.3594840597813327,0.30085904911892597,0.27669618220000003,0.37998717790128944,0.2688531212403546
code_nosize,0.337879009476854,0.27399307745064344,0.26992554080000003,0.35485095959995866,0.22062888763971836
cs_,0.40648060981059236,0.3011525243787224,0.3100568027,0.3951621512953416,0.29764292397112746
