,rf,lr,nb,xgb,svm
all_code,0.7807780294338922,0.734689885249806,0.7253395572857143,0.7742251423060992,0.72106648797854
code_nosize,0.7652458224365597,0.7022495657152934,0.7256481916896552,0.7644955658363707,0.6555162148380895
cs_,0.8163577379752428,0.7264390204988772,0.7467881280689654,0.7939718019188833,0.7287416467613881
