,SHAP_value,SK-ESD
cam,0.10989674335544655,1.0
dit,0.07823809179874501,2.0
avg(cc),0.059566804610166134,3.0
ca,0.0589285292266497,3.0
noc,0.0522999588635813,3.0
lcom,0.049952318450871495,4.0
dam,0.04646729353212795,4.0
amc,0.03910551904664511,5.0
moa,0.012723291661519824,6.0
cbm,0.010190060133473013,6.0
