,rf,lr,nb,xgb,svm
all_code,0.6277547846,0.6239198845657399,0.6557817784236164,0.6421785596348514,0.6489406806000001
code_nosize,0.6158972402,0.5873205474684595,0.6506835242770165,0.6317041317510941,0.6522227816
cs_,0.6368334261333334,0.523187119053009,0.661916869331047,0.6146729127193851,0.6386802552333334
