,rf,lr,nb,xgb,svm
all_code,0.6480304006666666,0.6931759393762214,0.6886049869245217,0.6499787369398811,0.7086247100333334
code_nosize,0.6430148731333334,0.6849592466171287,0.689844162035514,0.6483845396470045,0.6590361792999999
cs_,0.6773903382333334,0.6330638862709209,0.7089950615305912,0.655293001966807,0.6917685379
