,rf,lr,nb,xgb,svm
all_code,0.629329476,0.639115813,0.63814691,0.64236562,0.638172357
code_nosize,0.619088696,0.627832795,0.629620305,0.634238109,0.626560243
cs_,0.636853578,0.619286896,0.645208008,0.640910343,0.610854185
,,,,,
,all_code,code_nosize,cs_,,
rf,0.629329476,0.619088696,0.636853578,,
xgb,0.64236562,0.634238109,0.640910343,,
svm,0.638172357,0.626560243,0.610854185,,
nb,0.63814691,0.629620305,0.645208008,,
lr,0.639115813,0.627832795,0.619286896,,
