,rf,lr,nb,xgb,svm
all_code,0.195005299,0.199440571,0.191268995,0.192348688,0.209316731
code_nosize,0.19228879,0.196781914,0.19081308,0.191761543,0.203058534
cs_,0.226488033,0.211993245,0.234603487,0.231707348,0.205223674
,,,,,
,all_code,code_nosize,cs_,,
rf,0.195005299,0.19228879,0.226488033,,
xgb,0.192348688,0.191761543,0.231707348,,
svm,0.209316731,0.203058534,0.205223674,,
nb,0.191268995,0.19081308,0.234603487,,
lr,0.199440571,0.196781914,0.211993245,,
