,rf,lr,nb,xgb,svm
all_code,0.648708156,0.667063648,0.6620071,0.665226716,0.674429626
code_nosize,0.642163821,0.663750756,0.658057268,0.662615474,0.66548858
cs_,0.6789971,0.675271529,0.68899642,0.686803954,0.672617886
,,,,,
,,,,,
,all_code,code_nosize,cs_,,
rf,0.648708156,0.642163821,0.6789971,,
xgb,0.665226716,0.662615474,0.686803954,,
svm,0.674429626,0.66548858,0.672617886,,
nb,0.6620071,0.658057268,0.68899642,,
lr,0.667063648,0.663750756,0.675271529,,
