,SHAP_value,SK-ESD
dam,0.05286795220600832,2.0
cam,0.04001994925216042,3.0
Betweenness,0.03828176774823151,3.0
dit,0.006018404210806823,11.0
cbm,0.004214862865426528,12.0
