,rf,lr,nb,xgb,svm
all_code,0.770914227,0.700058137,0.651451947,0.74885053,0.68231321
code_nosize,0.762133027,0.691393184,0.669223452,0.742582979,0.671091327
cs_,0.791786265,0.693264576,0.683465761,0.761600684,0.697580216
,,,,,
,all_code,code_nosize,cs_,,
rf,0.770914227,0.762133027,0.791786265,,
xgb,0.74885053,0.742582979,0.761600684,,
svm,0.68231321,0.671091327,0.697580216,,
nb,0.651451947,0.669223452,0.683465761,,
lr,0.700058137,0.691393184,0.693264576,,
