,rf,lr,nb,xgb,svm
all_code,0.361859351,0.312109198,0.284720187,0.380850616,0.251154571
code_nosize,0.34590888,0.280820154,0.282557889,0.351421484,0.223760644
cs_,0.388385641,0.301914415,0.312620143,0.387369889,0.28667786
,,,,,
,all_code,code_nosize,cs_,,
rf,0.361859351,0.34590888,0.388385641,,
xgb,0.380850616,0.351421484,0.387369889,,
svm,0.251154571,0.223760644,0.28667786,,
nb,0.284720187,0.282557889,0.312620143,,
lr,0.312109198,0.280820154,0.301914415,,
