,rf,lr,nb,xgb,svm
all_code,0.778732834,0.734187791,0.718954844,0.779344112,0.704515305
code_nosize,0.767437716,0.713634026,0.729040019,0.763982281,0.652671244
cs_,0.815812829,0.728790989,0.754343211,0.794306806,0.725721994
,,,,,
,,,,,
,all_code,code_nosize,cs_,,
rf,0.778732834,0.767437716,0.815812829,,
xgb,0.779344112,0.763982281,0.794306806,,
svm,0.704515305,0.652671244,0.725721994,,
nb,0.718954844,0.729040019,0.754343211,,
lr,0.734187791,0.713634026,0.728790989,,
